<?xml version="1.0"?>
<doc>
    <assembly>
        <name>Microsoft.ApplicationInsights.Extensibility.Web</name>
    </assembly>
    <members>
        <member name="T:Microsoft.ApplicationInsights.Extensibility.Web.AzureRoleEnvironmentContextInitializer">
            <summary>
            A telemetry context initializer that will gather Azure Role Environment context information.
            </summary>
        </member>
        <member name="M:Microsoft.ApplicationInsights.Extensibility.Web.AzureRoleEnvironmentContextInitializer.Initialize(Microsoft.ApplicationInsights.DataContracts.TelemetryContext)">
            <summary>
            Initializes the given <see cref="T:Microsoft.ApplicationInsights.DataContracts.TelemetryContext"/>.
            </summary>
            <param name="context">The telemetry context to initialize.</param>
        </member>
        <member name="T:Microsoft.ApplicationInsights.Extensibility.Web.Azure.AzureRoleEnvironmentContextReader">
            <summary>
            The reader is platform specific and applies to .NET applications only.
            </summary>
        </member>
        <member name="T:Microsoft.ApplicationInsights.Extensibility.Web.Azure.IAzureRoleEnvironmentContextReader">
            <summary>
            The user context reader interface used while reading user related information in a platform specific way.
            </summary>
        </member>
        <member name="M:Microsoft.ApplicationInsights.Extensibility.Web.Azure.IAzureRoleEnvironmentContextReader.Initialize">
            <summary>
            Initializes the current reader with respect to its environment.
            </summary>
        </member>
        <member name="M:Microsoft.ApplicationInsights.Extensibility.Web.Azure.IAzureRoleEnvironmentContextReader.GetRoleName">
            <summary>
            Gets the Azure role name.
            </summary>
            <returns>The extracted data.</returns>
        </member>
        <member name="M:Microsoft.ApplicationInsights.Extensibility.Web.Azure.IAzureRoleEnvironmentContextReader.GetRoleInstanceName">
            <summary>
            Gets the Azure role instance name.
            </summary>
            <returns>The extracted data.</returns>
        </member>
        <member name="F:Microsoft.ApplicationInsights.Extensibility.Web.Azure.AzureRoleEnvironmentContextReader.instance">
            <summary>
            The singleton instance for our reader.
            </summary>
        </member>
        <member name="F:Microsoft.ApplicationInsights.Extensibility.Web.Azure.AzureRoleEnvironmentContextReader.roleName">
            <summary>
            The Azure role name (if any).
            </summary>
        </member>
        <member name="F:Microsoft.ApplicationInsights.Extensibility.Web.Azure.AzureRoleEnvironmentContextReader.roleInstanceName">
            <summary>
            The Azure role instance name (if any).
            </summary>
        </member>
        <member name="M:Microsoft.ApplicationInsights.Extensibility.Web.Azure.AzureRoleEnvironmentContextReader.#ctor">
            <summary>
            Initializes a new instance of the <see cref="T:Microsoft.ApplicationInsights.Extensibility.Web.Azure.AzureRoleEnvironmentContextReader"/> class.
            </summary>
        </member>
        <member name="M:Microsoft.ApplicationInsights.Extensibility.Web.Azure.AzureRoleEnvironmentContextReader.Initialize">
            <summary>
            Initializes the current reader with respect to its environment.
            </summary>
        </member>
        <member name="M:Microsoft.ApplicationInsights.Extensibility.Web.Azure.AzureRoleEnvironmentContextReader.GetRoleName">
            <summary>
            Gets the Azure role name.
            </summary>
            <returns>The extracted data.</returns>
        </member>
        <member name="M:Microsoft.ApplicationInsights.Extensibility.Web.Azure.AzureRoleEnvironmentContextReader.GetRoleInstanceName">
            <summary>
            Gets the Azure role instance name.
            </summary>
            <returns>The extracted data.</returns>
        </member>
        <member name="P:Microsoft.ApplicationInsights.Extensibility.Web.Azure.AzureRoleEnvironmentContextReader.Instance">
            <summary>
            Gets or sets the singleton instance for our application context reader.
            </summary>
        </member>
        <member name="P:Microsoft.ApplicationInsights.Extensibility.Web.Azure.AzureRoleEnvironmentContextReader.BaseDirectory">
            <summary>
            Gets or sets the base directly where hunting for application DLLs is to start.
            </summary>
        </member>
        <member name="T:Microsoft.ApplicationInsights.Extensibility.Web.Azure.Role">
            <summary>
            Represents a role that is defined as part of a hosted service. 
            </summary>
        </member>
        <member name="T:Microsoft.ApplicationInsights.Extensibility.Web.Azure.RuntimeBindingObject">
            <summary>
            A runtime bound object for a given .NET type.
            </summary>
        </member>
        <member name="F:Microsoft.ApplicationInsights.Extensibility.Web.Azure.RuntimeBindingObject.targetType">
            <summary>
            The target type for our object.
            </summary>
        </member>
        <member name="F:Microsoft.ApplicationInsights.Extensibility.Web.Azure.RuntimeBindingObject.targetObject">
            <summary>
            The target object.
            </summary>
        </member>
        <member name="M:Microsoft.ApplicationInsights.Extensibility.Web.Azure.RuntimeBindingObject.#ctor(System.Type,System.Object[])">
            <summary>
            Initializes a new instance of the <see cref="T:Microsoft.ApplicationInsights.Extensibility.Web.Azure.RuntimeBindingObject"/> class.
            </summary>
            <param name="targetType">Type of the target.</param>
            <param name="activationArgs">The activation arguments.</param>
        </member>
        <member name="M:Microsoft.ApplicationInsights.Extensibility.Web.Azure.RuntimeBindingObject.GetTargetObjectInstance(System.Type,System.Object[])">
            <summary>
            Gets the target object instance.
            </summary>
            <param name="targetType">Type of the target.</param>
            <param name="activationArgs">The activation arguments.</param>
            <returns>The activated instance is one is required.</returns>
        </member>
        <member name="M:Microsoft.ApplicationInsights.Extensibility.Web.Azure.RuntimeBindingObject.GetProperty(System.String,System.Object[])">
            <summary>
            Gets the property.
            </summary>
            <param name="name">The name.</param>
            <param name="args">The arguments.</param>
            <returns>The value for our property.</returns>
        </member>
        <member name="M:Microsoft.ApplicationInsights.Extensibility.Web.Azure.RuntimeBindingObject.GetProperty(System.String,System.Type[],System.Object[])">
            <summary>
            Gets the property.
            </summary>
            <param name="name">The name.</param>
            <param name="parameterTypes">The parameter types.</param>
            <param name="args">The arguments.</param>
            <returns>The value for our property.</returns>
        </member>
        <member name="M:Microsoft.ApplicationInsights.Extensibility.Web.Azure.RuntimeBindingObject.GetProperty(System.String,System.Reflection.BindingFlags,System.Type[],System.Object[])">
            <summary>
            Gets the property.
            </summary>
            <param name="name">The name.</param>
            <param name="bindingFlags">The binding flags.</param>
            <param name="parameterTypes">The parameter types.</param>
            <param name="args">The arguments.</param>
            <returns>The value for our property.</returns>
        </member>
        <member name="M:Microsoft.ApplicationInsights.Extensibility.Web.Azure.RuntimeBindingObject.InvokeHelper(System.String,System.Reflection.BindingFlags,System.Object[],System.Globalization.CultureInfo)">
            <summary>
            Invocation helper for calling any member on our target object.
            </summary>
            <param name="name">The name.</param>
            <param name="bindingFlags">The binding flags.</param>
            <param name="args">The arguments.</param>
            <param name="culture">The culture.</param>
            <returns>The return value for our invocation.</returns>
        </member>
        <member name="P:Microsoft.ApplicationInsights.Extensibility.Web.Azure.RuntimeBindingObject.TargetType">
            <summary>
            Gets or sets the type of the target.
            </summary>
        </member>
        <member name="P:Microsoft.ApplicationInsights.Extensibility.Web.Azure.RuntimeBindingObject.TargetObject">
            <summary>
            Gets or sets the target object.
            </summary>
        </member>
        <member name="M:Microsoft.ApplicationInsights.Extensibility.Web.Azure.Role.#ctor(System.Object)">
            <summary>
            Initializes a new instance of the <see cref="T:Microsoft.ApplicationInsights.Extensibility.Web.Azure.Role"/> class.
            </summary>
            <param name="targetObject">The target object.</param>
        </member>
        <member name="M:Microsoft.ApplicationInsights.Extensibility.Web.Azure.Role.GetTargetObjectInstance(System.Type,System.Object[])">
            <summary>
            Gets the target object instance.
            </summary>
            <param name="targetType">Type of the target.</param>
            <param name="activationArgs">The activation arguments.</param>
            <returns>
            The activated instance is one is required.
            </returns>
        </member>
        <member name="P:Microsoft.ApplicationInsights.Extensibility.Web.Azure.Role.Name">
            <summary>
            Gets the name of the role as it is declared in the service definition file.
            </summary>
        </member>
        <member name="T:Microsoft.ApplicationInsights.Extensibility.Web.Azure.RoleEnvironment">
            <summary>
            Provides information about the configuration, endpoints, and status of running role instances. 
            </summary>
        </member>
        <member name="M:Microsoft.ApplicationInsights.Extensibility.Web.Azure.RoleEnvironment.#ctor">
            <summary>
            Initializes a new instance of the <see cref="T:Microsoft.ApplicationInsights.Extensibility.Web.Azure.RoleEnvironment"/> class.
            </summary>
        </member>
        <member name="M:Microsoft.ApplicationInsights.Extensibility.Web.Azure.RoleEnvironment.GetTargetObjectInstance(System.Type,System.Object[])">
            <summary>
            Gets the target object instance.
            </summary>
            <param name="targetType">Type of the target.</param>
            <param name="activationArgs">The activation arguments.</param>
            <returns>
            The activated instance is one is required.
            </returns>
        </member>
        <member name="P:Microsoft.ApplicationInsights.Extensibility.Web.Azure.RoleEnvironment.IsAvailable">
            <summary>
            Gets a value indicating whether the role instance is running in the Windows Azure environment. 
            </summary>
        </member>
        <member name="P:Microsoft.ApplicationInsights.Extensibility.Web.Azure.RoleEnvironment.DeploymentId">
            <summary>
            Gets the unique identifier of the deployment in which the role instance is running. 
            </summary>
        </member>
        <member name="P:Microsoft.ApplicationInsights.Extensibility.Web.Azure.RoleEnvironment.CurrentRoleInstance">
            <summary>
            Gets a RoleInstance object that represents the role instance in which the code is currently running. 
            </summary>
        </member>
        <member name="T:Microsoft.ApplicationInsights.Extensibility.Web.Azure.RoleInstance">
            <summary>
            Represents an instance of a role. 
            </summary>
        </member>
        <member name="M:Microsoft.ApplicationInsights.Extensibility.Web.Azure.RoleInstance.#ctor(System.Object)">
            <summary>
            Initializes a new instance of the <see cref="T:Microsoft.ApplicationInsights.Extensibility.Web.Azure.RoleInstance"/> class.
            </summary>
            <param name="targetObject">The target object.</param>
        </member>
        <member name="M:Microsoft.ApplicationInsights.Extensibility.Web.Azure.RoleInstance.GetTargetObjectInstance(System.Type,System.Object[])">
            <summary>
            Gets the target object instance.
            </summary>
            <param name="targetType">Type of the target.</param>
            <param name="activationArgs">The activation arguments.</param>
            <returns>
            The activated instance is one is required.
            </returns>
        </member>
        <member name="P:Microsoft.ApplicationInsights.Extensibility.Web.Azure.RoleInstance.Id">
            <summary>
            Gets the instance identifier (ID) of the role instance.
            </summary>
        </member>
        <member name="P:Microsoft.ApplicationInsights.Extensibility.Web.Azure.RoleInstance.Role">
            <summary>
            Gets the Role object that is associated with the role instance.
            </summary>
        </member>
        <member name="T:Microsoft.ApplicationInsights.Extensibility.Web.Azure.ServiceRuntime">
            <summary>
            The wrapper for the Azure Service Runtime.
            </summary>
        </member>
        <member name="M:Microsoft.ApplicationInsights.Extensibility.Web.Azure.ServiceRuntime.GetRoleEnvironment(System.String)">
            <summary>
            Gets the role environment.
            </summary>
            <param name="baseDirectory">The base directory.</param>
            <returns>
            The role environment object.
            </returns>
        </member>
        <member name="T:Microsoft.ApplicationInsights.Extensibility.Web.HttpContextExceptionTrackingHandler">
            <summary>
            Http context based exception tracking implementation.
            </summary>
        </member>
        <member name="T:Microsoft.ApplicationInsights.Extensibility.Web.IExceptionTrackingHandler">
            <summary>
            Exception tracking handler interface.
            </summary>
        </member>
        <member name="M:Microsoft.ApplicationInsights.Extensibility.Web.IExceptionTrackingHandler.Track(System.Object,System.Exception)">
            <summary>
            Tracks specified exception instance.
            </summary>
            <param name="platformContext">Platform context instance.</param>
            <param name="exc">
            Exception object to track.
            </param>
        </member>
        <member name="M:Microsoft.ApplicationInsights.Extensibility.Web.HttpContextExceptionTrackingHandler.Track(System.Object,System.Exception)">
            <summary>
            Tracks specified exception instance.
            </summary>
            <param name="platformContext">Platform context instance.</param>
            <param name="exc">
            Exception object to track.
            </param>
        </member>
        <member name="M:Microsoft.ApplicationInsights.Extensibility.Web.HttpContextExceptionTrackingHandler.IsTransferHandler(System.Web.IHttpHandler)">
            <summary>
            Checks whether or not handler is a transfer handler.
            </summary>
            <param name="handler">An instance of handler to validate.</param>
            <returns>True if handler is a transfer handler, otherwise - False.</returns>
        </member>
        <member name="M:Microsoft.ApplicationInsights.Extensibility.Web.HttpContextExceptionTrackingHandler.NeedProcessRequest(System.Web.HttpContext,Microsoft.ApplicationInsights.Extensibility.Web.RequestTracking.RequestTelemetryContext@)">
            <summary>
            Verifies context to detect whether or not request needs to be processed.
            </summary>
            <param name="httpContext">Current http context.</param>
            <param name="telemetryContext">Current telemetry context.</param>
            <returns>True if request needs to be processed, otherwise - False.</returns>
        </member>
        <member name="T:Microsoft.ApplicationInsights.Extensibility.Web.RequestTrackingConstants">
            <summary>
            Request tracking constants and keys.
            </summary>
        </member>
        <member name="F:Microsoft.ApplicationInsights.Extensibility.Web.RequestTrackingConstants.RequestTelemetryContextItemName">
            <summary>
            Name of the HttpContext item containing RequestTelemetryContext object.
            </summary>
        </member>
        <member name="F:Microsoft.ApplicationInsights.Extensibility.Web.RequestTrackingConstants.TransferHandlerType">
            <summary>
            Type name for the transfer handler. This handler is used to enable extension(less) URI 
            and it produces extra request, which should not be counted.
            </summary>
        </member>
        <member name="T:Microsoft.ApplicationInsights.Extensibility.Web.RequestTracking.OperationWatch">
            <summary>
            Single high precision clock used by operations.
            </summary>
        </member>
        <member name="F:Microsoft.ApplicationInsights.Extensibility.Web.RequestTracking.OperationWatch.Watch">
            <summary>
            High precision stopwatch.
            </summary>
        </member>
        <member name="F:Microsoft.ApplicationInsights.Extensibility.Web.RequestTracking.OperationWatch.NanosecondsPerTick">
            <summary>
            Number of nanoseconds per high-precision clock tick.
            </summary>
        </member>
        <member name="F:Microsoft.ApplicationInsights.Extensibility.Web.RequestTracking.OperationWatch.StartTime">
            <summary>
            The time clock started.
            </summary>
        </member>
        <member name="M:Microsoft.ApplicationInsights.Extensibility.Web.RequestTracking.OperationWatch.DurationNanoseconds(System.Int64,System.Int64)">
            <summary>
            Calculates time between two clock readings in nanoseconds.
            </summary>
            <param name="fromTicks">Start time in ticks.</param>
            <param name="toTicks">End time in ticks.</param>
            <returns>Time between two clock readings in nanoseconds.</returns>
        </member>
        <member name="M:Microsoft.ApplicationInsights.Extensibility.Web.RequestTracking.OperationWatch.Duration(System.Int64,System.Int64)">
            <summary>
            Calculates time between two clock readings.
            </summary>
            <param name="fromTicks">Start time in ticks.</param>
            <param name="toTicks">End time in ticks.</param>
            <returns>Time between two clock readings.</returns>
        </member>
        <member name="M:Microsoft.ApplicationInsights.Extensibility.Web.RequestTracking.OperationWatch.Timestamp(System.Int64)">
            <summary>
            Converts time on the operation clock (in ticks) to date and time structure.
            </summary>
            <param name="elapsedTicks">Ticks elapsed according to operation watch.</param>
            <returns>Date time structure representing the date and time that corresponds to the operation clock reading.</returns>
        </member>
        <member name="P:Microsoft.ApplicationInsights.Extensibility.Web.RequestTracking.OperationWatch.ElapsedTicks">
            <summary>
            Gets number of ticks elapsed on the clock since the start.
            </summary>
        </member>
        <member name="M:Microsoft.ApplicationInsights.Extensibility.Web.RequestTracking.RequestTrackingExtensions.CreateRequestNamePrivate(System.Web.HttpContext)">
            <summary>
            Creates request name on the base of HttpContext.
            </summary>
            <returns>Controller/Action for MVC or path for other cases.</returns>
        </member>
        <member name="T:Microsoft.ApplicationInsights.Extensibility.Web.RequestTracking.TelemetryModules.WebTelemetryModuleBase">
            <summary>
            Base web telemetry module.
            </summary>
        </member>
        <member name="M:Microsoft.ApplicationInsights.Extensibility.Web.RequestTracking.TelemetryModules.WebTelemetryModuleBase.OnPostContextInit(Microsoft.ApplicationInsights.Extensibility.Web.RequestTracking.RequestTelemetryContext,System.Web.HttpContext)">
            <summary>
            Post initialization Web Telemetry Module callback.
            </summary>
            <param name="state">An instance of request telemetry context.</param>
            <param name="platformContext">Platform specific context.</param>
        </member>
        <member name="M:Microsoft.ApplicationInsights.Extensibility.Web.RequestTracking.TelemetryModules.WebTelemetryModuleBase.OnReadRequestInfo(Microsoft.ApplicationInsights.Extensibility.Web.RequestTracking.RequestTelemetryContext,System.Web.HttpContext)">
            <summary>
            Request info reading Web Telemetry Module callback.
            </summary>
            <param name="state">An instance of request telemetry context.</param>
            <param name="platformContext">Platform specific context.</param>
        </member>
        <member name="M:Microsoft.ApplicationInsights.Extensibility.Web.RequestTracking.TelemetryModules.WebTelemetryModuleBase.OnSetResponseInfo(Microsoft.ApplicationInsights.Extensibility.Web.RequestTracking.RequestTelemetryContext,System.Web.HttpContext)">
            <summary>
            Response info setting Web Telemetry Module callback.
            </summary>
            <param name="state">An instance of request telemetry context.</param>
            <param name="platformContext">Platform specific context.</param>
        </member>
        <member name="M:Microsoft.ApplicationInsights.Extensibility.Web.RequestTracking.TelemetryModules.WebTelemetryModuleBase.OnEndRequest(Microsoft.ApplicationInsights.Extensibility.Web.RequestTracking.RequestTelemetryContext,System.Web.HttpContext)">
            <summary>
            Request telemetry finalization - sending callback Web Telemetry Module callback.
            </summary>
            <param name="state">An instance of request telemetry context.</param>
            <param name="platformContext">Platform specific context.</param>
        </member>
        <member name="M:Microsoft.ApplicationInsights.Extensibility.Web.RequestTracking.TelemetryModules.WebTelemetryModuleBase.OnError(Microsoft.ApplicationInsights.Extensibility.Web.RequestTracking.RequestTelemetryContext,System.Web.HttpContext)">
            <summary>
            Http Error reporting Web Telemetry Module callback.
            </summary>
            <param name="state">An instance of request telemetry context.</param>
            <param name="platformContext">Platform specific context.</param>
        </member>
        <member name="M:Microsoft.ApplicationInsights.Extensibility.Web.RequestTracking.TelemetryModules.WebTelemetryModuleBase.SetEnvironmentTime(Microsoft.ApplicationInsights.Extensibility.Web.RequestTracking.IEnvironmentTime)">
            <summary>
            Sets environment time provider instance.
            </summary>
            <param name="envTime">An instance of environment time provider.</param>
        </member>
        <member name="P:Microsoft.ApplicationInsights.Extensibility.Web.RequestTracking.TelemetryModules.WebTelemetryModuleBase.Time">
            <summary>
            Gets environment time provider instance.
            </summary>
        </member>
        <member name="M:Microsoft.ApplicationInsights.Extensibility.Web.RequestTracking.TelemetryModules.WebRequestTrackingTelemetryModule.IsTransferHandler(System.Web.IHttpHandler)">
            <summary>
            Checks whether or not handler is a transfer handler.
            </summary>
            <param name="handler">An instance of handler to validate.</param>
            <returns>True if handler is a transfer handler, otherwise - False.</returns>
        </member>
        <member name="M:Microsoft.ApplicationInsights.Extensibility.Web.RequestTracking.TelemetryModules.WebRequestTrackingTelemetryModule.NeedProcessRequest(System.Web.HttpContext)">
            <summary>
            Verifies context to detect whether or not request needs to be processed.
            </summary>
            <param name="httpContext">Current http context.</param>
            <returns>True if request needs to be processed, otherwise - False.</returns>
        </member>
        <member name="M:Microsoft.ApplicationInsights.Extensibility.Web.RequestTracking.TelemetryModules.WebSessionTrackingTelemetryModule.SetUserTelemetryEnableState(System.Boolean)">
            <summary>
            Sets user telemetry layer enable state.
            </summary>
            <param name="enabled">Is layer enabled.</param>
        </member>
        <member name="M:Microsoft.ApplicationInsights.Extensibility.Web.RequestTracking.TelemetryModules.WebSessionTrackingTelemetryModule.GetUserTelemetryEnableState">
            <summary>
            Gets user telemetry layer enable state.
            </summary>
            <returns>Is layer enabled.</returns>
        </member>
        <member name="P:Microsoft.ApplicationInsights.Extensibility.Web.RequestTracking.TelemetryModules.WebSessionTrackingTelemetryModule.SetCookie">
            <summary>
            Gets or sets a value indicating whether session cookie should be set or not.
            </summary>
        </member>
        <member name="P:Microsoft.ApplicationInsights.Extensibility.Web.RequestTracking.TelemetryModules.WebSessionTrackingTelemetryModule.MaxSessionDurationInMinutes">
            <summary>
            Gets or sets session timeout in seconds.
            </summary>
        </member>
        <member name="T:Microsoft.ApplicationInsights.Extensibility.Web.RequestTracking.WebRequestTrackingBuilder">
            <summary>
            SDK telemetry module mapping builder and post initializer.
            </summary>
        </member>
        <member name="M:Microsoft.ApplicationInsights.Extensibility.Web.RequestTracking.WebRequestTrackingBuilder.BuildUpModules(Microsoft.ApplicationInsights.Extensibility.TelemetryConfiguration)">
            <summary>
            Builds up request telemetry related modules and produces a list of them.
            </summary>
            <param name="configuration">Telemetry configuration instance.</param>
            <returns>A readonly list of initialized request tracking telemetry modules.</returns>
        </member>
        <member name="T:Microsoft.ApplicationInsights.Extensibility.Web.RequestTracking.WebRequestTrackingModule">
            <summary>
            Platform agnostic module for web application instrumentation.
            </summary>
        </member>
        <member name="F:Microsoft.ApplicationInsights.Extensibility.Web.RequestTracking.WebRequestTrackingModule.platformAdapter">
            <summary>
            Web platform adapter instance.
            </summary>
        </member>
        <member name="F:Microsoft.ApplicationInsights.Extensibility.Web.RequestTracking.WebRequestTrackingModule.isEnabled">
            <summary>
            Indicates if module initialized successfully.
            </summary>
        </member>
        <member name="M:Microsoft.ApplicationInsights.Extensibility.Web.RequestTracking.WebRequestTrackingModule.#ctor">
            <summary>
            Initializes a new instance of the <see cref="T:Microsoft.ApplicationInsights.Extensibility.Web.RequestTracking.WebRequestTrackingModule"/> class.
            </summary>
        </member>
        <member name="M:Microsoft.ApplicationInsights.Extensibility.Web.RequestTracking.WebRequestTrackingModule.Init(System.Web.HttpApplication)">
            <summary>
            Initializes module for a given application.
            </summary>
            <param name="context">HttpApplication instance.</param>
        </member>
        <member name="M:Microsoft.ApplicationInsights.Extensibility.Web.RequestTracking.WebRequestTrackingModule.Dispose">
            <summary>
            Required IDisposable implementation.
            </summary>
        </member>
        <member name="T:Microsoft.ApplicationInsights.Extensibility.Web.TelemetryInitializers.WebOperationIdTelemetryInitializer">
            <summary>
            A telemetry initializer that will set the ID property of OperationContext corresponding to a RequestTelemetry object.
            Operation.Id is updated with the name derived from the RequestTelemetryContext.RequestTelemetry.
            </summary>
        </member>
        <member name="T:Microsoft.ApplicationInsights.Extensibility.Web.TelemetryInitializers.WebOperationTelemetryInitializerBase">
            <summary>
            Base class for WebOperationTelemetryInitializers.
            </summary>
        </member>
        <member name="M:Microsoft.ApplicationInsights.Extensibility.Web.TelemetryInitializers.WebOperationTelemetryInitializerBase.ResolvePlatformContext">
            <summary>
            Resolved web platform specific context.
            </summary>
            <returns>An instance of the context.</returns>
        </member>
        <member name="T:Microsoft.ApplicationInsights.Extensibility.Web.TelemetryInitializers.WebOperationNameTelemetryInitializer">
            <summary>
            A telemetry initializer that will set the NAME property of OperationContext corresponding to a TraceTelemetry object.
            If the telemetry object is of type RequestTelemetry, then the Name of the RequestTelemetry is updated. For all other cases,
            Operation.Name is updated with the name derived from the HttpContext.
            </summary>
        </member>
        <member name="T:Microsoft.ApplicationInsights.Extensibility.Web.Tracing.WebEventSource">
            <summary>
            ETW EventSource tracing class.
            </summary>
        </member>
        <member name="F:Microsoft.ApplicationInsights.Extensibility.Web.Tracing.WebEventSource.Log">
            <summary>
            Instance of the PlatformEventSource class.
            </summary>
        </member>
        <member name="M:Microsoft.ApplicationInsights.Extensibility.Web.Tracing.WebEventSource.WebModuleInitializationExceptionEvent(System.String,System.String)">
            <summary>
            Trace exception event from WebRequestTrackingModule initialization.
            </summary>
            <param name="excMessage">Exception message.</param>
            <param name="appDomainName">Parameter is not used. Added to comply EventSource rules.</param>
        </member>
        <member name="M:Microsoft.ApplicationInsights.Extensibility.Web.Tracing.WebEventSource.WebModuleOnCallbackFailure(System.String,System.String,System.String)">
            <summary>
            Trace exception event from WebRequestTrackingModule OnBegin request.
            </summary>
            <param name="callbackName">Callback name.</param>
            <param name="excMessage">Exception message.</param>
            <param name="appDomainName">Parameter is not used. Added to comply EventSource rules.</param>
        </member>
        <member name="M:Microsoft.ApplicationInsights.Extensibility.Web.Tracing.WebEventSource.WebTelemetryModuleStageExecutionStart(System.String,System.String,System.String)">
            <summary>
            Stop executing web telemetry module stage.
            </summary>
            <param name="type">Module type.</param>
            <param name="stageName">Stage name.</param>
            <param name="appDomainName">Parameter is not used. Added to comply EventSource rules.</param>
        </member>
        <member name="M:Microsoft.ApplicationInsights.Extensibility.Web.Tracing.WebEventSource.WebTelemetryModuleStageExecutionStop(System.String,System.String,System.String)">
            <summary>
            Stop executing web telemetry module stage.
            </summary>
            <param name="type">Module type.</param>
            <param name="stageName">Stage name.</param>
            <param name="appDomainName">Parameter is not used. Added to comply EventSource rules.</param>
        </member>
        <member name="M:Microsoft.ApplicationInsights.Extensibility.Web.Tracing.WebEventSource.WebTelemetryModuleStageExecutionFailure(System.String,System.String,System.String,System.String)">
            <summary>
            Error on executing web telemetry module stage.
            </summary>
            <param name="type">Module type.</param>
            <param name="stageName">Stage name.</param>
            <param name="excMsg">Exception message.</param>
            <param name="appDomainName">Parameter is not used. Added to comply EventSource rules.</param>
        </member>
        <member name="T:Microsoft.ApplicationInsights.Extensibility.Web.Tracing.WebEventSource.Keywords">
            <summary>
            Keywords for the PlatformEventSource.
            </summary>
        </member>
        <member name="F:Microsoft.ApplicationInsights.Extensibility.Web.Tracing.WebEventSource.Keywords.UserActionable">
            <summary>
            Key word for user actionable events.
            </summary>
        </member>
        <member name="F:Microsoft.ApplicationInsights.Extensibility.Web.Tracing.WebEventSource.Keywords.Diagnostics">
            <summary>
            Diagnostics tracing keyword.
            </summary>
        </member>
        <member name="F:Microsoft.ApplicationInsights.Extensibility.Web.Tracing.WebEventSource.Keywords.VerboseFailure">
            <summary>
            Keyword for errors that trace at Verbose level.
            </summary>
        </member>
        <member name="F:Microsoft.ApplicationInsights.Extensibility.Web.Tracing.WebEventSource.Keywords.WebModule">
            <summary>
            Key word for Web Request Module initialization failures.
            </summary>
        </member>
        <member name="F:Microsoft.ApplicationInsights.Extensibility.Web.Tracing.WebEventSource.Keywords.RequestTelemetry">
            <summary>
            Request telemetry keyword.
            </summary>
        </member>
        <member name="F:Microsoft.ApplicationInsights.Extensibility.Web.Tracing.WebEventSource.Keywords.ExceptionTelemetry">
            <summary>
            Exception telemetry keyword.
            </summary>
        </member>
        <member name="F:Microsoft.ApplicationInsights.Extensibility.Web.Tracing.WebEventSource.Keywords.UserTelemetry">
            <summary>
            User tracking keyword.
            </summary>
        </member>
        <member name="F:Microsoft.ApplicationInsights.Extensibility.Web.Tracing.WebEventSource.Keywords.SessionTelemetry">
            <summary>
            Session tracking keyword.
            </summary>
        </member>
        <member name="T:Microsoft.ApplicationInsights.Extensibility.Web.WebApplicationLifecycle">
            <summary>
            Implements the <see cref="T:Microsoft.ApplicationInsights.Extensibility.IApplicationLifecycle"/> events for web applications.
            </summary>
        </member>
        <member name="M:Microsoft.ApplicationInsights.Extensibility.Web.WebApplicationLifecycle.Dispose">
            <summary>
            Unregisters the <see cref="T:Microsoft.ApplicationInsights.Extensibility.Web.WebApplicationLifecycle"/> from <see cref="T:System.Web.Hosting.HostingEnvironment"/>.
            </summary>
        </member>
        <member name="M:Microsoft.ApplicationInsights.Extensibility.Web.WebApplicationLifecycle.Stop(System.Boolean)">
            <summary>
            Gets called by <see cref="T:System.Web.Hosting.HostingEnvironment"/> when the web application is stopping.
            </summary>
            <param name="immediate">
            False when the method is invoked first time, allowing async shutdown operations.
            True when the method is invoked second time, demanding to unregister immediately.
            </param>
        </member>
        <member name="E:Microsoft.ApplicationInsights.Extensibility.Web.WebApplicationLifecycle.Started">
            <summary>
            The <see cref="E:Microsoft.ApplicationInsights.Extensibility.Web.WebApplicationLifecycle.Started"/> event is raised when the <see cref="T:Microsoft.ApplicationInsights.Extensibility.Web.WebApplicationLifecycle"/> instance is first created.
            </summary>
        </member>
        <member name="E:Microsoft.ApplicationInsights.Extensibility.Web.WebApplicationLifecycle.Stopping">
            <summary>
            The <see cref="E:Microsoft.ApplicationInsights.Extensibility.Web.WebApplicationLifecycle.Stopping"/> event is raised when <see cref="T:System.Web.Hosting.HostingEnvironment"/> calls the <see cref="M:Microsoft.ApplicationInsights.Extensibility.Web.WebApplicationLifecycle.Stop(System.Boolean)"/> method.
            </summary>
        </member>
        <member name="T:Microsoft.ApplicationInsights.Extensibility.Web.WebApplicationLifecycleModule">
            <summary>
            A module used by the Application Insights to handle web application lifecycle events.
            </summary>
        </member>
        <member name="M:Microsoft.ApplicationInsights.Extensibility.Web.WebApplicationLifecycleModule.#ctor">
            <summary>
            Initializes a new instance of the <see cref="T:Microsoft.ApplicationInsights.Extensibility.Web.WebApplicationLifecycleModule"/> class.
            </summary>
        </member>
    </members>
</doc>
